{"val_loss": [0.10970461004083822, 0.09060422187588604, 0.08952689852327846, 0.0809218294819099, 0.08182328546354256, 0.0791677134227939, 0.0798935968562849, 0.07702737514861534, 0.07733509658828552, 0.08311456397417108, 0.08029336264153245], "val_acc": [0.9677500009536744, 0.9730833346645037, 0.9718333353598912, 0.9765833355486393, 0.9768333365519841, 0.9783333346247673, 0.9774166693290075, 0.9780000028510888, 0.9775833348433177, 0.9759166695177555, 0.9764166675508023], "val_precision": [0.9914675767072126, 0.982485404421811, 0.9793559041305238, 0.994884910401118, 0.9899581589129741, 0.9907795472765482, 0.9834162519914248, 0.9850374064019087, 0.9875104079111148, 0.9940577248731699, 0.989066442305377], "loss": [0.23761585990238623, 0.10605880108826872, 0.08664202015934279, 0.07832795158246882, 0.0724325273030748, 0.06940517203268731, 0.06536530777933271, 0.06331337073364314, 0.0615049456907703, 0.06003395636168231, 0.05873241920987008], "acc": [0.9279999985204389, 0.9672916668156782, 0.9729583355287711, 0.9755000032484531, 0.9773125033204754, 0.9782916701088349, 0.9793333364029725, 0.9799791696170966, 0.9803750036284328, 0.9812916701038679, 0.9815625029926499], "precision": [0.9756944444232706, 0.9847328244066003, 0.9877118643858536, 0.9896186440468302, 0.9881681808369287, 0.9904761904552281, 0.9917442844836634, 0.9888091216007431, 0.991739038318328, 0.9917582417372832, 0.9906898010793337]}