{"val_loss": [0.14683080984978006, 0.10582766785252412, 0.09009449800590422, 0.08871441738046996, 0.07751611429800202, 0.0952233730648004, 0.09274611614309833, 0.08811431443173205, 0.07915941784182602, 0.07397840716136367, 0.08650582000373105, 0.06852138288425826, 0.08083895150363483, 0.08832583797642049, 0.06897267940439633], "val_acc": [0.957083331545194, 0.9671666666865348, 0.9739166674514611, 0.9746666669845581, 0.9763333357870578, 0.9711666661004226, 0.9724166671435038, 0.9747500019768874, 0.9764166675508023, 0.9796666679282983, 0.9746666669845581, 0.980666667719682, 0.9751666682461898, 0.9740000024437905, 0.979583336909612], "val_precision": [0.9847586790021372, 0.9824561402688006, 0.9809128629891358, 0.9768976896883748, 0.9816971712993595, 0.9775747507493708, 0.9915611813509231, 0.9915611813509231, 0.9801488832936187, 0.9899581589129741, 0.9841930115653749, 0.9882943142986376, 0.9899749372606537, 0.9801980197211058, 0.9899413243093091], "loss": [0.2333665723563172, 0.11578672381632107, 0.09672720808666782, 0.0873103284415265, 0.08091404244817871, 0.07555664269857516, 0.07240046309804408, 0.06793493044109103, 0.06596013254784339, 0.06398217753982559, 0.061558079748768556, 0.05939510385972729, 0.057919569574975564, 0.05565852029158123, 0.05514942383451853], "acc": [0.9289166652675097, 0.9645833333333333, 0.9713750010977189, 0.9731458353499571, 0.9751250019297004, 0.9772291692594687, 0.9775000022724271, 0.9786666702479124, 0.9795833358541131, 0.980291669194897, 0.9807083363955219, 0.9821250032012662, 0.9819375028833747, 0.982187503700455, 0.9831250040481488], "precision": [0.9733619763485851, 0.9876648234583653, 0.9870899470690563, 0.9885593220129543, 0.989404534838114, 0.9898391193693938, 0.9864722045870541, 0.988597972952099, 0.9892109159934587, 0.9902666102202652, 0.9900655252380033, 0.9894403378882907, 0.9894291754547689, 0.9896427816320092, 0.9909110124499914]}