{"val_loss": [0.1110624185394651, 0.10832782654227534, 0.08097460726179027, 0.08808062001698999, 0.07508304631980232, 0.07762982087703373, 0.08078795164122615, 0.07285979678720954, 0.08231733312204596, 0.07898450685861462], "val_acc": [0.9670000016689301, 0.9688333330055078, 0.9764166692892711, 0.9729166681567828, 0.9784166686236858, 0.9772500018278758, 0.9774166698257128, 0.9788333361347517, 0.9781666701038678, 0.976833335061868], "val_precision": [0.982263513430552, 0.9915038231952842, 0.9808652245440211, 0.9914821123516624, 0.9865546217658356, 0.9965546941432769, 0.9833472105759078, 0.9874581938973697, 0.9874581938973697, 0.992268041151867], "loss": [0.22364460126846097, 0.10583840421992742, 0.08800594443358326, 0.07725773291106937, 0.07083132882689824, 0.06700412745109739, 0.06263563325519499, 0.059992409984746094, 0.05543481759408072, 0.05423910018422854], "acc": [0.93122916566208, 0.9671875006829699, 0.9725833350171645, 0.9754791693761945, 0.9786666701237361, 0.9792916691551606, 0.9802916704366604, 0.9808541694035132, 0.9827083367854357, 0.9826458369692167], "precision": [0.9709302325372323, 0.9803174602967129, 0.9856115107705119, 0.985415345572069, 0.9877170690176257, 0.9875395987119844, 0.9891994917198391, 0.9889783806488135, 0.9904620601740046, 0.9898520084357325]}