{"val_loss": [0.10171828080686586, 0.10159643992374186, 0.07587687880368321, 0.07220721894191229, 0.07886362126543342, 0.06842051879769619, 0.08966438993084011, 0.07104337560255468, 0.07141508032649048], "val_acc": [0.9698333352804184, 0.9685833339889844, 0.9778333370884259, 0.9800000036756198, 0.9769166683157285, 0.9804166687031587, 0.9737500009437402, 0.9782500023643176, 0.9805000024537246], "val_precision": [0.9890295357815164, 0.9957044672684102, 0.9874895745631784, 0.9810387468276143, 0.9873949579002188, 0.9907718119974184, 0.9948364887267782, 0.9826875514441312, 0.9949281486902004], "loss": [0.20351929706133282, 0.09275177889139741, 0.07634304062958108, 0.06689571814410253, 0.060890828792374424, 0.056568303806731515, 0.0519669277903328, 0.04877189384909191, 0.046192751162016064], "acc": [0.9374999979743734, 0.9717291679233313, 0.9771250020712614, 0.979875003049771, 0.9809791701535384, 0.9828541700417797, 0.9838125035787623, 0.9846458370486896, 0.9855625038345655], "precision": [0.9716251074597674, 0.9847360610348795, 0.9883400466188608, 0.9879467117574975, 0.9896427816320092, 0.9917512690145569, 0.9898712808400534, 0.9921759356948155, 0.9923906150709704]}