{"val_loss": [0.11488657463147926, 0.08284986236152084, 0.07546427502553948, 0.0701360594117432, 0.08363873132160128, 0.06849693324469021, 0.07000414899618287, 0.0692561358322564, 0.06800791552935455, 0.07089006517126109, 0.07402438219663357], "val_acc": [0.9639166670540968, 0.9753333340088527, 0.9764166682958603, 0.9788333361347517, 0.9755833342671394, 0.9805000007152558, 0.9790833371380965, 0.9800000029305617, 0.9802500026921431, 0.9805000039438406, 0.9787500018874804], "val_precision": [0.9848101264991721, 0.9792531119519291, 0.9932318104066639, 0.9834299916335186, 0.9642276421980303, 0.9924050632073919, 0.9834299916335186, 0.9834299916335186, 0.9834024895449458, 0.9834024895449458, 0.9753694580479991], "loss": [0.24796223671388967, 0.1032780033640544, 0.07966108582913875, 0.07024837098821687, 0.06386230714318421, 0.05918967772862137, 0.05544306654240548, 0.05267547586948543, 0.049587959822929406, 0.0481342317409144, 0.04583186281142844], "acc": [0.9244166649218338, 0.968208334594965, 0.9748541692271828, 0.977979168916742, 0.9797083363557856, 0.9813958365470171, 0.9826458362241586, 0.9832916702454289, 0.9847291708613436, 0.9842708367854357, 0.9853333368897438], "precision": [0.9710895361171287, 0.9870460819497336, 0.9876988334891262, 0.9900592216372661, 0.990055014790731, 0.9906937394037502, 0.9900571186589792, 0.9925910245344498, 0.9946955230003247, 0.9934349851547346, 0.9926004228119958]}