{"val_loss": [0.11445985216608581, 0.09003248126440061, 0.07934551828657277, 0.07267448001803131, 0.08788140910473885, 0.0700460230599371, 0.06737685216091147, 0.07782946467971973, 0.06489549527783917, 0.06389194589598143, 0.06942088073155901, 0.07215733632886744, 0.06619324376818743, 0.07446914088556393, 0.0697233106093942], "val_acc": [0.9674166689316431, 0.9735000006854534, 0.9775000015894572, 0.9789166696369648, 0.9742500014603138, 0.9810000034670036, 0.9800833356877168, 0.9767500025530657, 0.98166666974624, 0.9820000035067399, 0.9815000027418137, 0.9804166694482167, 0.9816666704912981, 0.9795833354194959, 0.9810833357274532], "val_precision": [0.982485404421811, 0.9874791318040501, 0.9899413243093091, 0.9866332497087189, 0.9833610648100365, 0.98338870423726, 0.9857978278207353, 0.9858686615971846, 0.9834024895449458, 0.989898989815665, 0.990677966017739, 0.974527526624936, 0.9866332497087189, 0.9858215178493893, 0.9874895745631784], "loss": [0.2207605223666178, 0.0993162977625616, 0.08257612261113537, 0.07206606431706557, 0.06618383329975283, 0.061160210251485596, 0.05746467436371556, 0.05407889287162106, 0.05112288906166214, 0.04974091356179997, 0.04661839660581488, 0.044904142239465726, 0.04345332386640924, 0.0416829957378468, 0.040452875678753726], "acc": [0.9345833321645235, 0.9705625010654331, 0.9754791690036655, 0.9786250033105414, 0.97970833654205, 0.9813333368549745, 0.9829791699225704, 0.9832291710500916, 0.9841250029702981, 0.9846250044181943, 0.985333336951832, 0.9861458372324705, 0.9863750039289395, 0.9873333375900983, 0.9879166706775625], "precision": [0.9744533448587476, 0.985375158944778, 0.9879211697184166, 0.9879288436893704, 0.9894157493440006, 0.9890016920264594, 0.9902727849230224, 0.9921709690860734, 0.9894314098290122, 0.9919644744979496, 0.9919729615337564, 0.9915540540331176, 0.9915487005917696, 0.9930173508042104, 0.9940778341583317]}